_id,question,answer,username,ask_time
60cff95486d738906da5452d,咳嗽的症状,"咳嗽的症状包括：发作性咳嗽
症状咳嗽可能染上的疾病有：病毒性感冒；疱疹性咽颊炎；空洞型肺结核；下腰椎不稳症；显微镜下多血管炎；食管囊肿；婴幼儿脐疝；血栓形成；急性肺炎；支气管病；高致病性禽流感病毒感染；膀胱咳；膀胱移行细胞癌；睾丸肿瘤；老年人急性呼吸窘迫综合征；沙门氏菌性肺炎；肾咳；强直性脊柱炎及其伴发的葡萄膜炎；上腔静脉综合征；肺炎",tty,"

 
      摘要：CPhI 线上展 重磅上线在线贸易配对系统 轻松“联姻”更多合作伙伴!时下,全球经济相互交融,本土企业相继走向了全球拓展的道路。在企业开展国际化战略的进程当中,寻找更多合
       CPhI 线上展 重磅上线在线贸易配对系统 轻松“联姻”更多合作伙伴!时下,全球经济相互交融,本土企业相继走向了全球拓展的道路。在企业开展国际化战略的进程当中,寻找更多合作伙伴显然能够为企业开展国际业务提供更优越的条件,为企业实现宏图大志奠定良好的基础。在高效对接合作诉求,精准匹配国内外合作伙伴的服务商,今年的CPhI & P-MEC China线上展或许可以助大家一臂之力!在线贸易配对系统重磅上线!高效“联姻”合作伙伴据悉,针对企业在全球业务拓展上的个性化需求,CPhI & P-MEC China线上展在贸易合作与对接方面,为企业提供了一个更高效便捷的方案在线贸易配对系统。该系统可以精准匹配国内外合作伙伴,还可以高效对接双方需求,以平台作为“桥梁”,连接企业与合作伙伴之间的需求,高效解决企业的合作共赢需求。作为展会当中的核心模块,在线贸易配对系统不仅拥有海量的数据,覆盖2500多家海内外参展企业,同时还具备高效便捷管理的特点,可精准定位目标用户,期间,用户还可以随时查看客户的邀约状态,收藏意向客户,不错任何潜在的合作商机。此外,在线贸易配对系统还提供有专业的客服服务,协助企业高效处理各类贸易配对问题。值得一提的是,2020年的CPhI & P-MEC China线上展,除了提供在线贸易配对系统服务之外,还提供了众多特色服务,例如云高峰论坛、展商网络推介会、在线工厂秀、国际卖家云商洽及在线展厅,众多特色服务在线呈献,为企业拓展全球业务,捕获制药行业商机提供资源、技术上的帮助! 


    
        
            免责声明：本文转载上述内容出于传递更多信息之目的，不代表本网的观点和立场，故本网对其真实性不负责，也不构成任何其他建议；本网站图片，文字之类版权申明，因为网站可以由注册用户自行上传图片或文字，本网站无法鉴别所上传图片或文字的知识版权，如果侵犯，请及时通知我们，本网站将在第一时间及时删除。",2021-06-21 02:28:36.145000
60cff95786d738906da5452e,咳嗽吃什么,"咳嗽宜食的食物包括有：鸡腿;鹅肉;鸡肉;芝麻
推荐食谱包括有：绿豆南瓜汤;白菜包子;素炒黄豆芽;南瓜大麦粥;小白菜馅包子;黄豆芽拌芦荟;桂圆黑豆粥;红枣黑豆粥",tty,"

 
      摘要：CPhI 线上展 重磅上线在线贸易配对系统 轻松“联姻”更多合作伙伴!时下,全球经济相互交融,本土企业相继走向了全球拓展的道路。在企业开展国际化战略的进程当中,寻找更多合
       CPhI 线上展 重磅上线在线贸易配对系统 轻松“联姻”更多合作伙伴!时下,全球经济相互交融,本土企业相继走向了全球拓展的道路。在企业开展国际化战略的进程当中,寻找更多合作伙伴显然能够为企业开展国际业务提供更优越的条件,为企业实现宏图大志奠定良好的基础。在高效对接合作诉求,精准匹配国内外合作伙伴的服务商,今年的CPhI & P-MEC China线上展或许可以助大家一臂之力!在线贸易配对系统重磅上线!高效“联姻”合作伙伴据悉,针对企业在全球业务拓展上的个性化需求,CPhI & P-MEC China线上展在贸易合作与对接方面,为企业提供了一个更高效便捷的方案在线贸易配对系统。该系统可以精准匹配国内外合作伙伴,还可以高效对接双方需求,以平台作为“桥梁”,连接企业与合作伙伴之间的需求,高效解决企业的合作共赢需求。作为展会当中的核心模块,在线贸易配对系统不仅拥有海量的数据,覆盖2500多家海内外参展企业,同时还具备高效便捷管理的特点,可精准定位目标用户,期间,用户还可以随时查看客户的邀约状态,收藏意向客户,不错任何潜在的合作商机。此外,在线贸易配对系统还提供有专业的客服服务,协助企业高效处理各类贸易配对问题。值得一提的是,2020年的CPhI & P-MEC China线上展,除了提供在线贸易配对系统服务之外,还提供了众多特色服务,例如云高峰论坛、展商网络推介会、在线工厂秀、国际卖家云商洽及在线展厅,众多特色服务在线呈献,为企业拓展全球业务,捕获制药行业商机提供资源、技术上的帮助! 


    
        
            免责声明：本文转载上述内容出于传递更多信息之目的，不代表本网的观点和立场，故本网对其真实性不负责，也不构成任何其他建议；本网站图片，文字之类版权申明，因为网站可以由注册用户自行上传图片或文字，本网站无法鉴别所上传图片或文字的知识版权，如果侵犯，请及时通知我们，本网站将在第一时间及时删除。",2021-06-21 02:28:39.666000
60cff96286d738906da5452f,感冒不能吃什么,感冒忌食的食物包括有：咸鱼；白扁豆；油条；猪油（板油）,tty,"

 
      摘要：CPhI 线上展 重磅上线在线贸易配对系统 轻松“联姻”更多合作伙伴!时下,全球经济相互交融,本土企业相继走向了全球拓展的道路。在企业开展国际化战略的进程当中,寻找更多合
       CPhI 线上展 重磅上线在线贸易配对系统 轻松“联姻”更多合作伙伴!时下,全球经济相互交融,本土企业相继走向了全球拓展的道路。在企业开展国际化战略的进程当中,寻找更多合作伙伴显然能够为企业开展国际业务提供更优越的条件,为企业实现宏图大志奠定良好的基础。在高效对接合作诉求,精准匹配国内外合作伙伴的服务商,今年的CPhI & P-MEC China线上展或许可以助大家一臂之力!在线贸易配对系统重磅上线!高效“联姻”合作伙伴据悉,针对企业在全球业务拓展上的个性化需求,CPhI & P-MEC China线上展在贸易合作与对接方面,为企业提供了一个更高效便捷的方案在线贸易配对系统。该系统可以精准匹配国内外合作伙伴,还可以高效对接双方需求,以平台作为“桥梁”,连接企业与合作伙伴之间的需求,高效解决企业的合作共赢需求。作为展会当中的核心模块,在线贸易配对系统不仅拥有海量的数据,覆盖2500多家海内外参展企业,同时还具备高效便捷管理的特点,可精准定位目标用户,期间,用户还可以随时查看客户的邀约状态,收藏意向客户,不错任何潜在的合作商机。此外,在线贸易配对系统还提供有专业的客服服务,协助企业高效处理各类贸易配对问题。值得一提的是,2020年的CPhI & P-MEC China线上展,除了提供在线贸易配对系统服务之外,还提供了众多特色服务,例如云高峰论坛、展商网络推介会、在线工厂秀、国际卖家云商洽及在线展厅,众多特色服务在线呈献,为企业拓展全球业务,捕获制药行业商机提供资源、技术上的帮助! 


    
        
            免责声明：本文转载上述内容出于传递更多信息之目的，不代表本网的观点和立场，故本网对其真实性不负责，也不构成任何其他建议；本网站图片，文字之类版权申明，因为网站可以由注册用户自行上传图片或文字，本网站无法鉴别所上传图片或文字的知识版权，如果侵犯，请及时通知我们，本网站将在第一时间及时删除。",2021-06-21 02:28:50.007000
60cff96a86d738906da54530,发烧怎么办,症状发烧可能染上的疾病有：老年人药物性肝病；诺卡菌性巩膜炎；链球菌坏死；感冒；全身性念珠菌病；奥迪括约肌功能异常；外耳道疖肿；小儿外源性变应性肺泡炎；消散延迟性肺炎；药物导致的肺部疾病；病毒性心肌炎；急性化脓性腮腺炎；新生儿脓疱疮；淋巴瘤细胞白血病；老年人支原体肺炎；酒精伴发的精神障碍；小儿麻疹；急性胆管炎；登革出血热；扁平苔藓,tty,"

 
      摘要：CPhI 线上展 重磅上线在线贸易配对系统 轻松“联姻”更多合作伙伴!时下,全球经济相互交融,本土企业相继走向了全球拓展的道路。在企业开展国际化战略的进程当中,寻找更多合
       CPhI 线上展 重磅上线在线贸易配对系统 轻松“联姻”更多合作伙伴!时下,全球经济相互交融,本土企业相继走向了全球拓展的道路。在企业开展国际化战略的进程当中,寻找更多合作伙伴显然能够为企业开展国际业务提供更优越的条件,为企业实现宏图大志奠定良好的基础。在高效对接合作诉求,精准匹配国内外合作伙伴的服务商,今年的CPhI & P-MEC China线上展或许可以助大家一臂之力!在线贸易配对系统重磅上线!高效“联姻”合作伙伴据悉,针对企业在全球业务拓展上的个性化需求,CPhI & P-MEC China线上展在贸易合作与对接方面,为企业提供了一个更高效便捷的方案在线贸易配对系统。该系统可以精准匹配国内外合作伙伴,还可以高效对接双方需求,以平台作为“桥梁”,连接企业与合作伙伴之间的需求,高效解决企业的合作共赢需求。作为展会当中的核心模块,在线贸易配对系统不仅拥有海量的数据,覆盖2500多家海内外参展企业,同时还具备高效便捷管理的特点,可精准定位目标用户,期间,用户还可以随时查看客户的邀约状态,收藏意向客户,不错任何潜在的合作商机。此外,在线贸易配对系统还提供有专业的客服服务,协助企业高效处理各类贸易配对问题。值得一提的是,2020年的CPhI & P-MEC China线上展,除了提供在线贸易配对系统服务之外,还提供了众多特色服务,例如云高峰论坛、展商网络推介会、在线工厂秀、国际卖家云商洽及在线展厅,众多特色服务在线呈献,为企业拓展全球业务,捕获制药行业商机提供资源、技术上的帮助! 


    
        
            免责声明：本文转载上述内容出于传递更多信息之目的，不代表本网的观点和立场，故本网对其真实性不负责，也不构成任何其他建议；本网站图片，文字之类版权申明，因为网站可以由注册用户自行上传图片或文字，本网站无法鉴别所上传图片或文字的知识版权，如果侵犯，请及时通知我们，本网站将在第一时间及时删除。",2021-06-21 02:28:58.201000
60cff97386d738906da54531,失眠吃什么,"失眠宜食的食物包括有：腰果;鸡心;鸭肝;鸡肝
推荐食谱包括有：萝卜枸杞炖鸭肝;冬菜鸭肝汤;桂枝大枣汤;猴头菇炖鸡;荔枝干大枣汤;甘草小麦大枣汤;牛奶大枣汤;灵芝大枣汤",tty,"

 
      摘要：CPhI 线上展 重磅上线在线贸易配对系统 轻松“联姻”更多合作伙伴!时下,全球经济相互交融,本土企业相继走向了全球拓展的道路。在企业开展国际化战略的进程当中,寻找更多合
       CPhI 线上展 重磅上线在线贸易配对系统 轻松“联姻”更多合作伙伴!时下,全球经济相互交融,本土企业相继走向了全球拓展的道路。在企业开展国际化战略的进程当中,寻找更多合作伙伴显然能够为企业开展国际业务提供更优越的条件,为企业实现宏图大志奠定良好的基础。在高效对接合作诉求,精准匹配国内外合作伙伴的服务商,今年的CPhI & P-MEC China线上展或许可以助大家一臂之力!在线贸易配对系统重磅上线!高效“联姻”合作伙伴据悉,针对企业在全球业务拓展上的个性化需求,CPhI & P-MEC China线上展在贸易合作与对接方面,为企业提供了一个更高效便捷的方案在线贸易配对系统。该系统可以精准匹配国内外合作伙伴,还可以高效对接双方需求,以平台作为“桥梁”,连接企业与合作伙伴之间的需求,高效解决企业的合作共赢需求。作为展会当中的核心模块,在线贸易配对系统不仅拥有海量的数据,覆盖2500多家海内外参展企业,同时还具备高效便捷管理的特点,可精准定位目标用户,期间,用户还可以随时查看客户的邀约状态,收藏意向客户,不错任何潜在的合作商机。此外,在线贸易配对系统还提供有专业的客服服务,协助企业高效处理各类贸易配对问题。值得一提的是,2020年的CPhI & P-MEC China线上展,除了提供在线贸易配对系统服务之外,还提供了众多特色服务,例如云高峰论坛、展商网络推介会、在线工厂秀、国际卖家云商洽及在线展厅,众多特色服务在线呈献,为企业拓展全球业务,捕获制药行业商机提供资源、技术上的帮助! 


    
        
            免责声明：本文转载上述内容出于传递更多信息之目的，不代表本网的观点和立场，故本网对其真实性不负责，也不构成任何其他建议；本网站图片，文字之类版权申明，因为网站可以由注册用户自行上传图片或文字，本网站无法鉴别所上传图片或文字的知识版权，如果侵犯，请及时通知我们，本网站将在第一时间及时删除。",2021-06-21 02:29:07.310000
60cffbd5acfbcd7898cc8d21,你好,您好，我是医药智能助理，希望可以帮到您。如果没答上来，可联系https://blog.csdn.net/Weary_PJ咨询作者。祝您身体棒棒！,tty,"

 
      摘要：CPhI 线上展 重磅上线在线贸易配对系统 轻松“联姻”更多合作伙伴!时下,全球经济相互交融,本土企业相继走向了全球拓展的道路。在企业开展国际化战略的进程当中,寻找更多合
       CPhI 线上展 重磅上线在线贸易配对系统 轻松“联姻”更多合作伙伴!时下,全球经济相互交融,本土企业相继走向了全球拓展的道路。在企业开展国际化战略的进程当中,寻找更多合作伙伴显然能够为企业开展国际业务提供更优越的条件,为企业实现宏图大志奠定良好的基础。在高效对接合作诉求,精准匹配国内外合作伙伴的服务商,今年的CPhI & P-MEC China线上展或许可以助大家一臂之力!在线贸易配对系统重磅上线!高效“联姻”合作伙伴据悉,针对企业在全球业务拓展上的个性化需求,CPhI & P-MEC China线上展在贸易合作与对接方面,为企业提供了一个更高效便捷的方案在线贸易配对系统。该系统可以精准匹配国内外合作伙伴,还可以高效对接双方需求,以平台作为“桥梁”,连接企业与合作伙伴之间的需求,高效解决企业的合作共赢需求。作为展会当中的核心模块,在线贸易配对系统不仅拥有海量的数据,覆盖2500多家海内外参展企业,同时还具备高效便捷管理的特点,可精准定位目标用户,期间,用户还可以随时查看客户的邀约状态,收藏意向客户,不错任何潜在的合作商机。此外,在线贸易配对系统还提供有专业的客服服务,协助企业高效处理各类贸易配对问题。值得一提的是,2020年的CPhI & P-MEC China线上展,除了提供在线贸易配对系统服务之外,还提供了众多特色服务,例如云高峰论坛、展商网络推介会、在线工厂秀、国际卖家云商洽及在线展厅,众多特色服务在线呈献,为企业拓展全球业务,捕获制药行业商机提供资源、技术上的帮助! 


    
        
            免责声明：本文转载上述内容出于传递更多信息之目的，不代表本网的观点和立场，故本网对其真实性不负责，也不构成任何其他建议；本网站图片，文字之类版权申明，因为网站可以由注册用户自行上传图片或文字，本网站无法鉴别所上传图片或文字的知识版权，如果侵犯，请及时通知我们，本网站将在第一时间及时删除。",2021-06-21 02:39:17.150000
60cffbd9acfbcd7898cc8d22,咳嗽吃什么,"咳嗽宜食的食物包括有：芝麻;鸡腿;鹅肉;鸡肉
推荐食谱包括有：黄豆芽拌芦荟;素炒黄豆芽;绿豆南瓜汤;红枣黑豆粥;白菜包子;桂圆黑豆粥;小白菜馅包子;南瓜大麦粥",tty,"

 
      摘要：CPhI 线上展 重磅上线在线贸易配对系统 轻松“联姻”更多合作伙伴!时下,全球经济相互交融,本土企业相继走向了全球拓展的道路。在企业开展国际化战略的进程当中,寻找更多合
       CPhI 线上展 重磅上线在线贸易配对系统 轻松“联姻”更多合作伙伴!时下,全球经济相互交融,本土企业相继走向了全球拓展的道路。在企业开展国际化战略的进程当中,寻找更多合作伙伴显然能够为企业开展国际业务提供更优越的条件,为企业实现宏图大志奠定良好的基础。在高效对接合作诉求,精准匹配国内外合作伙伴的服务商,今年的CPhI & P-MEC China线上展或许可以助大家一臂之力!在线贸易配对系统重磅上线!高效“联姻”合作伙伴据悉,针对企业在全球业务拓展上的个性化需求,CPhI & P-MEC China线上展在贸易合作与对接方面,为企业提供了一个更高效便捷的方案在线贸易配对系统。该系统可以精准匹配国内外合作伙伴,还可以高效对接双方需求,以平台作为“桥梁”,连接企业与合作伙伴之间的需求,高效解决企业的合作共赢需求。作为展会当中的核心模块,在线贸易配对系统不仅拥有海量的数据,覆盖2500多家海内外参展企业,同时还具备高效便捷管理的特点,可精准定位目标用户,期间,用户还可以随时查看客户的邀约状态,收藏意向客户,不错任何潜在的合作商机。此外,在线贸易配对系统还提供有专业的客服服务,协助企业高效处理各类贸易配对问题。值得一提的是,2020年的CPhI & P-MEC China线上展,除了提供在线贸易配对系统服务之外,还提供了众多特色服务,例如云高峰论坛、展商网络推介会、在线工厂秀、国际卖家云商洽及在线展厅,众多特色服务在线呈献,为企业拓展全球业务,捕获制药行业商机提供资源、技术上的帮助! 


    
        
            免责声明：本文转载上述内容出于传递更多信息之目的，不代表本网的观点和立场，故本网对其真实性不负责，也不构成任何其他建议；本网站图片，文字之类版权申明，因为网站可以由注册用户自行上传图片或文字，本网站无法鉴别所上传图片或文字的知识版权，如果侵犯，请及时通知我们，本网站将在第一时间及时删除。",2021-06-21 02:39:21.376000
60cffbdeacfbcd7898cc8d23,感冒不能吃什么,感冒忌食的食物包括有：油条；白扁豆；咸鱼；猪油（板油）,tty,"

 
      摘要：CPhI 线上展 重磅上线在线贸易配对系统 轻松“联姻”更多合作伙伴!时下,全球经济相互交融,本土企业相继走向了全球拓展的道路。在企业开展国际化战略的进程当中,寻找更多合
       CPhI 线上展 重磅上线在线贸易配对系统 轻松“联姻”更多合作伙伴!时下,全球经济相互交融,本土企业相继走向了全球拓展的道路。在企业开展国际化战略的进程当中,寻找更多合作伙伴显然能够为企业开展国际业务提供更优越的条件,为企业实现宏图大志奠定良好的基础。在高效对接合作诉求,精准匹配国内外合作伙伴的服务商,今年的CPhI & P-MEC China线上展或许可以助大家一臂之力!在线贸易配对系统重磅上线!高效“联姻”合作伙伴据悉,针对企业在全球业务拓展上的个性化需求,CPhI & P-MEC China线上展在贸易合作与对接方面,为企业提供了一个更高效便捷的方案在线贸易配对系统。该系统可以精准匹配国内外合作伙伴,还可以高效对接双方需求,以平台作为“桥梁”,连接企业与合作伙伴之间的需求,高效解决企业的合作共赢需求。作为展会当中的核心模块,在线贸易配对系统不仅拥有海量的数据,覆盖2500多家海内外参展企业,同时还具备高效便捷管理的特点,可精准定位目标用户,期间,用户还可以随时查看客户的邀约状态,收藏意向客户,不错任何潜在的合作商机。此外,在线贸易配对系统还提供有专业的客服服务,协助企业高效处理各类贸易配对问题。值得一提的是,2020年的CPhI & P-MEC China线上展,除了提供在线贸易配对系统服务之外,还提供了众多特色服务,例如云高峰论坛、展商网络推介会、在线工厂秀、国际卖家云商洽及在线展厅,众多特色服务在线呈献,为企业拓展全球业务,捕获制药行业商机提供资源、技术上的帮助! 


    
        
            免责声明：本文转载上述内容出于传递更多信息之目的，不代表本网的观点和立场，故本网对其真实性不负责，也不构成任何其他建议；本网站图片，文字之类版权申明，因为网站可以由注册用户自行上传图片或文字，本网站无法鉴别所上传图片或文字的知识版权，如果侵犯，请及时通知我们，本网站将在第一时间及时删除。",2021-06-21 02:39:26.672000
60d07ca485cb5627157cbd7d,支气管炎,"支气管炎,熟悉一下：支气管炎是指气管、支气管黏膜及其周围组织的慢性非特异性炎症。支气管炎主要原因为病毒和细菌的反复感染形成了支气管的慢性非特异性炎症。当气温下降、呼吸道小血管痉挛缺血、防御功能下降等利于致病，烟雾粉尘、污染大气等慢性刺激也可发病，吸烟使支气管痉挛、黏膜变异、纤毛运动降低、黏液分泌增多有利感染，过敏因素也有一定关系。急性支气管炎起病较快，开始为干咳，以后咳粘痰或脓性痰。常伴胸骨后闷胀或疼痛。发热等全身症状多在3～5天内好转，但咳嗽、咳痰症状常持续2～3周才恢复。而慢性支气管炎则以长期、反复而逐渐加重的咳嗽为突出症状，伴有咳痰。咳痰症状与感染与否有关，时轻时重。还可伴有喘息，病程迁延。",tty,"

 
      摘要：CPhI 线上展 重磅上线在线贸易配对系统 轻松“联姻”更多合作伙伴!时下,全球经济相互交融,本土企业相继走向了全球拓展的道路。在企业开展国际化战略的进程当中,寻找更多合
       CPhI 线上展 重磅上线在线贸易配对系统 轻松“联姻”更多合作伙伴!时下,全球经济相互交融,本土企业相继走向了全球拓展的道路。在企业开展国际化战略的进程当中,寻找更多合作伙伴显然能够为企业开展国际业务提供更优越的条件,为企业实现宏图大志奠定良好的基础。在高效对接合作诉求,精准匹配国内外合作伙伴的服务商,今年的CPhI & P-MEC China线上展或许可以助大家一臂之力!在线贸易配对系统重磅上线!高效“联姻”合作伙伴据悉,针对企业在全球业务拓展上的个性化需求,CPhI & P-MEC China线上展在贸易合作与对接方面,为企业提供了一个更高效便捷的方案在线贸易配对系统。该系统可以精准匹配国内外合作伙伴,还可以高效对接双方需求,以平台作为“桥梁”,连接企业与合作伙伴之间的需求,高效解决企业的合作共赢需求。作为展会当中的核心模块,在线贸易配对系统不仅拥有海量的数据,覆盖2500多家海内外参展企业,同时还具备高效便捷管理的特点,可精准定位目标用户,期间,用户还可以随时查看客户的邀约状态,收藏意向客户,不错任何潜在的合作商机。此外,在线贸易配对系统还提供有专业的客服服务,协助企业高效处理各类贸易配对问题。值得一提的是,2020年的CPhI & P-MEC China线上展,除了提供在线贸易配对系统服务之外,还提供了众多特色服务,例如云高峰论坛、展商网络推介会、在线工厂秀、国际卖家云商洽及在线展厅,众多特色服务在线呈献,为企业拓展全球业务,捕获制药行业商机提供资源、技术上的帮助! 


    
        
            免责声明：本文转载上述内容出于传递更多信息之目的，不代表本网的观点和立场，故本网对其真实性不负责，也不构成任何其他建议；本网站图片，文字之类版权申明，因为网站可以由注册用户自行上传图片或文字，本网站无法鉴别所上传图片或文字的知识版权，如果侵犯，请及时通知我们，本网站将在第一时间及时删除。",2021-06-21 11:48:52.946000
60d07ca885cb5627157cbd7e,支气管炎吃什么,"支气管炎宜食的食物包括有：鸭肝;杏仁;鸡肉;鹅肉
推荐食谱包括有：木耳鸭肝烩;小白菜猪肉饺;牛肉汉堡包;猪肉炒饼;生滚草鱼肠粥;草鱼豆腐;萝卜牛肉蒸饺;炸鸭肝两样",tty,"

 
      摘要：CPhI 线上展 重磅上线在线贸易配对系统 轻松“联姻”更多合作伙伴!时下,全球经济相互交融,本土企业相继走向了全球拓展的道路。在企业开展国际化战略的进程当中,寻找更多合
       CPhI 线上展 重磅上线在线贸易配对系统 轻松“联姻”更多合作伙伴!时下,全球经济相互交融,本土企业相继走向了全球拓展的道路。在企业开展国际化战略的进程当中,寻找更多合作伙伴显然能够为企业开展国际业务提供更优越的条件,为企业实现宏图大志奠定良好的基础。在高效对接合作诉求,精准匹配国内外合作伙伴的服务商,今年的CPhI & P-MEC China线上展或许可以助大家一臂之力!在线贸易配对系统重磅上线!高效“联姻”合作伙伴据悉,针对企业在全球业务拓展上的个性化需求,CPhI & P-MEC China线上展在贸易合作与对接方面,为企业提供了一个更高效便捷的方案在线贸易配对系统。该系统可以精准匹配国内外合作伙伴,还可以高效对接双方需求,以平台作为“桥梁”,连接企业与合作伙伴之间的需求,高效解决企业的合作共赢需求。作为展会当中的核心模块,在线贸易配对系统不仅拥有海量的数据,覆盖2500多家海内外参展企业,同时还具备高效便捷管理的特点,可精准定位目标用户,期间,用户还可以随时查看客户的邀约状态,收藏意向客户,不错任何潜在的合作商机。此外,在线贸易配对系统还提供有专业的客服服务,协助企业高效处理各类贸易配对问题。值得一提的是,2020年的CPhI & P-MEC China线上展,除了提供在线贸易配对系统服务之外,还提供了众多特色服务,例如云高峰论坛、展商网络推介会、在线工厂秀、国际卖家云商洽及在线展厅,众多特色服务在线呈献,为企业拓展全球业务,捕获制药行业商机提供资源、技术上的帮助! 


    
        
            免责声明：本文转载上述内容出于传递更多信息之目的，不代表本网的观点和立场，故本网对其真实性不负责，也不构成任何其他建议；本网站图片，文字之类版权申明，因为网站可以由注册用户自行上传图片或文字，本网站无法鉴别所上传图片或文字的知识版权，如果侵犯，请及时通知我们，本网站将在第一时间及时删除。",2021-06-21 11:48:56.614000
60d07cb185cb5627157cbd7f,慢性肝炎,"慢性肝炎,熟悉一下：慢性肝炎是指由不同病因引起的，病程至少持续超过6个月以上的肝脏坏死和炎症，如感染肝炎病毒（乙肝病毒，丙肝病毒），长期饮酒，服用肝毒性药物等。临床上可有相应的症状、体征和肝生化检查异常，也可以无明显临床症状，仅有肝组织的坏死和炎症。病程呈波动性或持续进行性，如不进行适当的治疗，部分患者可进展为肝硬化。
慢性丙型肝炎患者自觉症状较轻，当病程往往迁延不愈，转氨酶持续增高和伴有慢性肝炎组织学的改变，部分病人经过20-30年转变为肝硬化、肝癌。因此慢性丙型病人对自己的病情不要等闲视之，但不要紧张恐惧。要做到生活上动静结合，有规律；饮食上适量进食优质高蛋白，适当补充维生素，微量元素，不宜过多吃糖及高脂肪的食物，要戒酒病配合医生给与必要的治疗。　　",tty,"

 
      摘要：CPhI 线上展 重磅上线在线贸易配对系统 轻松“联姻”更多合作伙伴!时下,全球经济相互交融,本土企业相继走向了全球拓展的道路。在企业开展国际化战略的进程当中,寻找更多合
       CPhI 线上展 重磅上线在线贸易配对系统 轻松“联姻”更多合作伙伴!时下,全球经济相互交融,本土企业相继走向了全球拓展的道路。在企业开展国际化战略的进程当中,寻找更多合作伙伴显然能够为企业开展国际业务提供更优越的条件,为企业实现宏图大志奠定良好的基础。在高效对接合作诉求,精准匹配国内外合作伙伴的服务商,今年的CPhI & P-MEC China线上展或许可以助大家一臂之力!在线贸易配对系统重磅上线!高效“联姻”合作伙伴据悉,针对企业在全球业务拓展上的个性化需求,CPhI & P-MEC China线上展在贸易合作与对接方面,为企业提供了一个更高效便捷的方案在线贸易配对系统。该系统可以精准匹配国内外合作伙伴,还可以高效对接双方需求,以平台作为“桥梁”,连接企业与合作伙伴之间的需求,高效解决企业的合作共赢需求。作为展会当中的核心模块,在线贸易配对系统不仅拥有海量的数据,覆盖2500多家海内外参展企业,同时还具备高效便捷管理的特点,可精准定位目标用户,期间,用户还可以随时查看客户的邀约状态,收藏意向客户,不错任何潜在的合作商机。此外,在线贸易配对系统还提供有专业的客服服务,协助企业高效处理各类贸易配对问题。值得一提的是,2020年的CPhI & P-MEC China线上展,除了提供在线贸易配对系统服务之外,还提供了众多特色服务,例如云高峰论坛、展商网络推介会、在线工厂秀、国际卖家云商洽及在线展厅,众多特色服务在线呈献,为企业拓展全球业务,捕获制药行业商机提供资源、技术上的帮助! 


    
        
            免责声明：本文转载上述内容出于传递更多信息之目的，不代表本网的观点和立场，故本网对其真实性不负责，也不构成任何其他建议；本网站图片，文字之类版权申明，因为网站可以由注册用户自行上传图片或文字，本网站无法鉴别所上传图片或文字的知识版权，如果侵犯，请及时通知我们，本网站将在第一时间及时删除。",2021-06-21 11:49:05.422000
60d07cb685cb5627157cbd80,慢性肝炎不能吃什么,慢性肝炎忌食的食物包括有：咸鸭蛋；鸡肝；干腌菜；鸡血,tty,"

 
      摘要：CPhI 线上展 重磅上线在线贸易配对系统 轻松“联姻”更多合作伙伴!时下,全球经济相互交融,本土企业相继走向了全球拓展的道路。在企业开展国际化战略的进程当中,寻找更多合
       CPhI 线上展 重磅上线在线贸易配对系统 轻松“联姻”更多合作伙伴!时下,全球经济相互交融,本土企业相继走向了全球拓展的道路。在企业开展国际化战略的进程当中,寻找更多合作伙伴显然能够为企业开展国际业务提供更优越的条件,为企业实现宏图大志奠定良好的基础。在高效对接合作诉求,精准匹配国内外合作伙伴的服务商,今年的CPhI & P-MEC China线上展或许可以助大家一臂之力!在线贸易配对系统重磅上线!高效“联姻”合作伙伴据悉,针对企业在全球业务拓展上的个性化需求,CPhI & P-MEC China线上展在贸易合作与对接方面,为企业提供了一个更高效便捷的方案在线贸易配对系统。该系统可以精准匹配国内外合作伙伴,还可以高效对接双方需求,以平台作为“桥梁”,连接企业与合作伙伴之间的需求,高效解决企业的合作共赢需求。作为展会当中的核心模块,在线贸易配对系统不仅拥有海量的数据,覆盖2500多家海内外参展企业,同时还具备高效便捷管理的特点,可精准定位目标用户,期间,用户还可以随时查看客户的邀约状态,收藏意向客户,不错任何潜在的合作商机。此外,在线贸易配对系统还提供有专业的客服服务,协助企业高效处理各类贸易配对问题。值得一提的是,2020年的CPhI & P-MEC China线上展,除了提供在线贸易配对系统服务之外,还提供了众多特色服务,例如云高峰论坛、展商网络推介会、在线工厂秀、国际卖家云商洽及在线展厅,众多特色服务在线呈献,为企业拓展全球业务,捕获制药行业商机提供资源、技术上的帮助! 


    
        
            免责声明：本文转载上述内容出于传递更多信息之目的，不代表本网的观点和立场，故本网对其真实性不负责，也不构成任何其他建议；本网站图片，文字之类版权申明，因为网站可以由注册用户自行上传图片或文字，本网站无法鉴别所上传图片或文字的知识版权，如果侵犯，请及时通知我们，本网站将在第一时间及时删除。",2021-06-21 11:49:10.833000
60d095aaae876acbb8e0e503,耳鸣了吃点啥？,"耳鸣宜食的食物包括有：南瓜子仁;芝麻;腰果;鸡翅
推荐食谱包括有：栗子鸡翅;冬菇油菜心;紫菜鸡蛋莲草汤;羊肉汤面;可乐鸡翅;油豆腐油菜;紫菜芙蓉汤;乌药羊肉汤",,"

 
      摘要：CPhI 线上展 重磅上线在线贸易配对系统 轻松“联姻”更多合作伙伴!时下,全球经济相互交融,本土企业相继走向了全球拓展的道路。在企业开展国际化战略的进程当中,寻找更多合
       CPhI 线上展 重磅上线在线贸易配对系统 轻松“联姻”更多合作伙伴!时下,全球经济相互交融,本土企业相继走向了全球拓展的道路。在企业开展国际化战略的进程当中,寻找更多合作伙伴显然能够为企业开展国际业务提供更优越的条件,为企业实现宏图大志奠定良好的基础。在高效对接合作诉求,精准匹配国内外合作伙伴的服务商,今年的CPhI & P-MEC China线上展或许可以助大家一臂之力!在线贸易配对系统重磅上线!高效“联姻”合作伙伴据悉,针对企业在全球业务拓展上的个性化需求,CPhI & P-MEC China线上展在贸易合作与对接方面,为企业提供了一个更高效便捷的方案在线贸易配对系统。该系统可以精准匹配国内外合作伙伴,还可以高效对接双方需求,以平台作为“桥梁”,连接企业与合作伙伴之间的需求,高效解决企业的合作共赢需求。作为展会当中的核心模块,在线贸易配对系统不仅拥有海量的数据,覆盖2500多家海内外参展企业,同时还具备高效便捷管理的特点,可精准定位目标用户,期间,用户还可以随时查看客户的邀约状态,收藏意向客户,不错任何潜在的合作商机。此外,在线贸易配对系统还提供有专业的客服服务,协助企业高效处理各类贸易配对问题。值得一提的是,2020年的CPhI & P-MEC China线上展,除了提供在线贸易配对系统服务之外,还提供了众多特色服务,例如云高峰论坛、展商网络推介会、在线工厂秀、国际卖家云商洽及在线展厅,众多特色服务在线呈献,为企业拓展全球业务,捕获制药行业商机提供资源、技术上的帮助! 


    
        
            免责声明：本文转载上述内容出于传递更多信息之目的，不代表本网的观点和立场，故本网对其真实性不负责，也不构成任何其他建议；本网站图片，文字之类版权申明，因为网站可以由注册用户自行上传图片或文字，本网站无法鉴别所上传图片或文字的知识版权，如果侵犯，请及时通知我们，本网站将在第一时间及时删除。",2021-06-21 13:35:38.261000
60d095baae876acbb8e0e504,哪些人最好不好吃蜂蜜,患有肛管癌；乳头的乳头状瘤；结节性硬化症；小儿腹胀；小儿颅后窝室管膜瘤；散发性脑炎伴发的精神障碍；糖尿病合并低血糖；胫腓骨骨干骨折；蓝痣；非典型分枝杆菌性巩膜炎；腹胀；共济失调；非依赖性物质伴发依赖；多发性内分泌腺瘤Ⅱ型；胆汁性腹膜炎；铍及其化合物引起的皮肤病；血管脂肪瘤；藏毛窦和藏毛囊肿；口蹄疫；糖尿病性周围神经病的人最好不要吃蜂蜜,,"

 
      摘要：CPhI 线上展 重磅上线在线贸易配对系统 轻松“联姻”更多合作伙伴!时下,全球经济相互交融,本土企业相继走向了全球拓展的道路。在企业开展国际化战略的进程当中,寻找更多合
       CPhI 线上展 重磅上线在线贸易配对系统 轻松“联姻”更多合作伙伴!时下,全球经济相互交融,本土企业相继走向了全球拓展的道路。在企业开展国际化战略的进程当中,寻找更多合作伙伴显然能够为企业开展国际业务提供更优越的条件,为企业实现宏图大志奠定良好的基础。在高效对接合作诉求,精准匹配国内外合作伙伴的服务商,今年的CPhI & P-MEC China线上展或许可以助大家一臂之力!在线贸易配对系统重磅上线!高效“联姻”合作伙伴据悉,针对企业在全球业务拓展上的个性化需求,CPhI & P-MEC China线上展在贸易合作与对接方面,为企业提供了一个更高效便捷的方案在线贸易配对系统。该系统可以精准匹配国内外合作伙伴,还可以高效对接双方需求,以平台作为“桥梁”,连接企业与合作伙伴之间的需求,高效解决企业的合作共赢需求。作为展会当中的核心模块,在线贸易配对系统不仅拥有海量的数据,覆盖2500多家海内外参展企业,同时还具备高效便捷管理的特点,可精准定位目标用户,期间,用户还可以随时查看客户的邀约状态,收藏意向客户,不错任何潜在的合作商机。此外,在线贸易配对系统还提供有专业的客服服务,协助企业高效处理各类贸易配对问题。值得一提的是,2020年的CPhI & P-MEC China线上展,除了提供在线贸易配对系统服务之外,还提供了众多特色服务,例如云高峰论坛、展商网络推介会、在线工厂秀、国际卖家云商洽及在线展厅,众多特色服务在线呈献,为企业拓展全球业务,捕获制药行业商机提供资源、技术上的帮助! 


    
        
            免责声明：本文转载上述内容出于传递更多信息之目的，不代表本网的观点和立场，故本网对其真实性不负责，也不构成任何其他建议；本网站图片，文字之类版权申明，因为网站可以由注册用户自行上传图片或文字，本网站无法鉴别所上传图片或文字的知识版权，如果侵犯，请及时通知我们，本网站将在第一时间及时删除。",2021-06-21 13:35:54.182000
60d095caae876acbb8e0e505,感冒要多久才能好？,感冒治疗可能持续的周期为：7-14天,,"

 
      摘要：CPhI 线上展 重磅上线在线贸易配对系统 轻松“联姻”更多合作伙伴!时下,全球经济相互交融,本土企业相继走向了全球拓展的道路。在企业开展国际化战略的进程当中,寻找更多合
       CPhI 线上展 重磅上线在线贸易配对系统 轻松“联姻”更多合作伙伴!时下,全球经济相互交融,本土企业相继走向了全球拓展的道路。在企业开展国际化战略的进程当中,寻找更多合作伙伴显然能够为企业开展国际业务提供更优越的条件,为企业实现宏图大志奠定良好的基础。在高效对接合作诉求,精准匹配国内外合作伙伴的服务商,今年的CPhI & P-MEC China线上展或许可以助大家一臂之力!在线贸易配对系统重磅上线!高效“联姻”合作伙伴据悉,针对企业在全球业务拓展上的个性化需求,CPhI & P-MEC China线上展在贸易合作与对接方面,为企业提供了一个更高效便捷的方案在线贸易配对系统。该系统可以精准匹配国内外合作伙伴,还可以高效对接双方需求,以平台作为“桥梁”,连接企业与合作伙伴之间的需求,高效解决企业的合作共赢需求。作为展会当中的核心模块,在线贸易配对系统不仅拥有海量的数据,覆盖2500多家海内外参展企业,同时还具备高效便捷管理的特点,可精准定位目标用户,期间,用户还可以随时查看客户的邀约状态,收藏意向客户,不错任何潜在的合作商机。此外,在线贸易配对系统还提供有专业的客服服务,协助企业高效处理各类贸易配对问题。值得一提的是,2020年的CPhI & P-MEC China线上展,除了提供在线贸易配对系统服务之外,还提供了众多特色服务,例如云高峰论坛、展商网络推介会、在线工厂秀、国际卖家云商洽及在线展厅,众多特色服务在线呈献,为企业拓展全球业务,捕获制药行业商机提供资源、技术上的帮助! 


    
        
            免责声明：本文转载上述内容出于传递更多信息之目的，不代表本网的观点和立场，故本网对其真实性不负责，也不构成任何其他建议；本网站图片，文字之类版权申明，因为网站可以由注册用户自行上传图片或文字，本网站无法鉴别所上传图片或文字的知识版权，如果侵犯，请及时通知我们，本网站将在第一时间及时删除。",2021-06-21 13:36:10.163000
60d195cf43f66ea6af2a5cdb,你好,您好，我是医药智能助理，希望可以帮到您。如果没答上来，可联系https://blog.csdn.net/Weary_PJ咨询作者。祝您身体棒棒！,tty,"

 
      摘要：CPhI 线上展 重磅上线在线贸易配对系统 轻松“联姻”更多合作伙伴!时下,全球经济相互交融,本土企业相继走向了全球拓展的道路。在企业开展国际化战略的进程当中,寻找更多合
       CPhI 线上展 重磅上线在线贸易配对系统 轻松“联姻”更多合作伙伴!时下,全球经济相互交融,本土企业相继走向了全球拓展的道路。在企业开展国际化战略的进程当中,寻找更多合作伙伴显然能够为企业开展国际业务提供更优越的条件,为企业实现宏图大志奠定良好的基础。在高效对接合作诉求,精准匹配国内外合作伙伴的服务商,今年的CPhI & P-MEC China线上展或许可以助大家一臂之力!在线贸易配对系统重磅上线!高效“联姻”合作伙伴据悉,针对企业在全球业务拓展上的个性化需求,CPhI & P-MEC China线上展在贸易合作与对接方面,为企业提供了一个更高效便捷的方案在线贸易配对系统。该系统可以精准匹配国内外合作伙伴,还可以高效对接双方需求,以平台作为“桥梁”,连接企业与合作伙伴之间的需求,高效解决企业的合作共赢需求。作为展会当中的核心模块,在线贸易配对系统不仅拥有海量的数据,覆盖2500多家海内外参展企业,同时还具备高效便捷管理的特点,可精准定位目标用户,期间,用户还可以随时查看客户的邀约状态,收藏意向客户,不错任何潜在的合作商机。此外,在线贸易配对系统还提供有专业的客服服务,协助企业高效处理各类贸易配对问题。值得一提的是,2020年的CPhI & P-MEC China线上展,除了提供在线贸易配对系统服务之外,还提供了众多特色服务,例如云高峰论坛、展商网络推介会、在线工厂秀、国际卖家云商洽及在线展厅,众多特色服务在线呈献,为企业拓展全球业务,捕获制药行业商机提供资源、技术上的帮助! 


    
        
            免责声明：本文转载上述内容出于传递更多信息之目的，不代表本网的观点和立场，故本网对其真实性不负责，也不构成任何其他建议；本网站图片，文字之类版权申明，因为网站可以由注册用户自行上传图片或文字，本网站无法鉴别所上传图片或文字的知识版权，如果侵犯，请及时通知我们，本网站将在第一时间及时删除。",2021-06-22 07:48:31.031000
60d1960943f66ea6af2a5cdc,脑膜炎怎么才能查出来,脑膜炎通常可以通过以下方式检查出来：颈项强直；尿谷氨酰胺；脑脊液钠；硝酸盐还原试验；脑脊液钾；脑脊液细菌培养；尿常规；脑脊液天门冬氨酸氨基转移酶；Fisher手指试验；脑脊液病原体检查,tty,"

 
      摘要：CPhI 线上展 重磅上线在线贸易配对系统 轻松“联姻”更多合作伙伴!时下,全球经济相互交融,本土企业相继走向了全球拓展的道路。在企业开展国际化战略的进程当中,寻找更多合
       CPhI 线上展 重磅上线在线贸易配对系统 轻松“联姻”更多合作伙伴!时下,全球经济相互交融,本土企业相继走向了全球拓展的道路。在企业开展国际化战略的进程当中,寻找更多合作伙伴显然能够为企业开展国际业务提供更优越的条件,为企业实现宏图大志奠定良好的基础。在高效对接合作诉求,精准匹配国内外合作伙伴的服务商,今年的CPhI & P-MEC China线上展或许可以助大家一臂之力!在线贸易配对系统重磅上线!高效“联姻”合作伙伴据悉,针对企业在全球业务拓展上的个性化需求,CPhI & P-MEC China线上展在贸易合作与对接方面,为企业提供了一个更高效便捷的方案在线贸易配对系统。该系统可以精准匹配国内外合作伙伴,还可以高效对接双方需求,以平台作为“桥梁”,连接企业与合作伙伴之间的需求,高效解决企业的合作共赢需求。作为展会当中的核心模块,在线贸易配对系统不仅拥有海量的数据,覆盖2500多家海内外参展企业,同时还具备高效便捷管理的特点,可精准定位目标用户,期间,用户还可以随时查看客户的邀约状态,收藏意向客户,不错任何潜在的合作商机。此外,在线贸易配对系统还提供有专业的客服服务,协助企业高效处理各类贸易配对问题。值得一提的是,2020年的CPhI & P-MEC China线上展,除了提供在线贸易配对系统服务之外,还提供了众多特色服务,例如云高峰论坛、展商网络推介会、在线工厂秀、国际卖家云商洽及在线展厅,众多特色服务在线呈献,为企业拓展全球业务,捕获制药行业商机提供资源、技术上的帮助! 


    
        
            免责声明：本文转载上述内容出于传递更多信息之目的，不代表本网的观点和立场，故本网对其真实性不负责，也不构成任何其他建议；本网站图片，文字之类版权申明，因为网站可以由注册用户自行上传图片或文字，本网站无法鉴别所上传图片或文字的知识版权，如果侵犯，请及时通知我们，本网站将在第一时间及时删除。",2021-06-22 07:49:29.454000
60d1960f43f66ea6af2a5cdd,什么人容易得高血压？,高血压的易感人群包括：有高血压家族史，不良的生活习惯，缺乏运动的人群,tty,"

 
      摘要：CPhI 线上展 重磅上线在线贸易配对系统 轻松“联姻”更多合作伙伴!时下,全球经济相互交融,本土企业相继走向了全球拓展的道路。在企业开展国际化战略的进程当中,寻找更多合
       CPhI 线上展 重磅上线在线贸易配对系统 轻松“联姻”更多合作伙伴!时下,全球经济相互交融,本土企业相继走向了全球拓展的道路。在企业开展国际化战略的进程当中,寻找更多合作伙伴显然能够为企业开展国际业务提供更优越的条件,为企业实现宏图大志奠定良好的基础。在高效对接合作诉求,精准匹配国内外合作伙伴的服务商,今年的CPhI & P-MEC China线上展或许可以助大家一臂之力!在线贸易配对系统重磅上线!高效“联姻”合作伙伴据悉,针对企业在全球业务拓展上的个性化需求,CPhI & P-MEC China线上展在贸易合作与对接方面,为企业提供了一个更高效便捷的方案在线贸易配对系统。该系统可以精准匹配国内外合作伙伴,还可以高效对接双方需求,以平台作为“桥梁”,连接企业与合作伙伴之间的需求,高效解决企业的合作共赢需求。作为展会当中的核心模块,在线贸易配对系统不仅拥有海量的数据,覆盖2500多家海内外参展企业,同时还具备高效便捷管理的特点,可精准定位目标用户,期间,用户还可以随时查看客户的邀约状态,收藏意向客户,不错任何潜在的合作商机。此外,在线贸易配对系统还提供有专业的客服服务,协助企业高效处理各类贸易配对问题。值得一提的是,2020年的CPhI & P-MEC China线上展,除了提供在线贸易配对系统服务之外,还提供了众多特色服务,例如云高峰论坛、展商网络推介会、在线工厂秀、国际卖家云商洽及在线展厅,众多特色服务在线呈献,为企业拓展全球业务,捕获制药行业商机提供资源、技术上的帮助! 


    
        
            免责声明：本文转载上述内容出于传递更多信息之目的，不代表本网的观点和立场，故本网对其真实性不负责，也不构成任何其他建议；本网站图片，文字之类版权申明，因为网站可以由注册用户自行上传图片或文字，本网站无法鉴别所上传图片或文字的知识版权，如果侵犯，请及时通知我们，本网站将在第一时间及时删除。",2021-06-22 07:49:35.587000
60d1961b43f66ea6af2a5cde,为什么有的人会失眠？,"失眠可能的成因有：躯体疾病和服用药物可以影响睡眠，如消化不良，头痛，背痛，关节炎，心脏病，糖尿病，哮喘，鼻窦炎，溃疡病，或服用某些影响中枢神经的药物。
由于生活方式引起睡眠问题也很常见，如饮用咖啡或茶叶，晚间饮酒，睡前进食或晚饭较晚造成满腹食物尚未消化，大量吸烟，睡前剧烈的体力活动，睡前过度的精神活动，夜班工作，白天小睡，上床时间不规律，起床时间不规律。
可能的原因有压力很大，过度忧虑，紧张或焦虑，悲伤或抑郁，生气，容易出现睡眠问题。
吵闹的睡眠环境，睡眠环境过于明亮，污染，过度拥挤。",tty,"

 
      摘要：CPhI 线上展 重磅上线在线贸易配对系统 轻松“联姻”更多合作伙伴!时下,全球经济相互交融,本土企业相继走向了全球拓展的道路。在企业开展国际化战略的进程当中,寻找更多合
       CPhI 线上展 重磅上线在线贸易配对系统 轻松“联姻”更多合作伙伴!时下,全球经济相互交融,本土企业相继走向了全球拓展的道路。在企业开展国际化战略的进程当中,寻找更多合作伙伴显然能够为企业开展国际业务提供更优越的条件,为企业实现宏图大志奠定良好的基础。在高效对接合作诉求,精准匹配国内外合作伙伴的服务商,今年的CPhI & P-MEC China线上展或许可以助大家一臂之力!在线贸易配对系统重磅上线!高效“联姻”合作伙伴据悉,针对企业在全球业务拓展上的个性化需求,CPhI & P-MEC China线上展在贸易合作与对接方面,为企业提供了一个更高效便捷的方案在线贸易配对系统。该系统可以精准匹配国内外合作伙伴,还可以高效对接双方需求,以平台作为“桥梁”,连接企业与合作伙伴之间的需求,高效解决企业的合作共赢需求。作为展会当中的核心模块,在线贸易配对系统不仅拥有海量的数据,覆盖2500多家海内外参展企业,同时还具备高效便捷管理的特点,可精准定位目标用户,期间,用户还可以随时查看客户的邀约状态,收藏意向客户,不错任何潜在的合作商机。此外,在线贸易配对系统还提供有专业的客服服务,协助企业高效处理各类贸易配对问题。值得一提的是,2020年的CPhI & P-MEC China线上展,除了提供在线贸易配对系统服务之外,还提供了众多特色服务,例如云高峰论坛、展商网络推介会、在线工厂秀、国际卖家云商洽及在线展厅,众多特色服务在线呈献,为企业拓展全球业务,捕获制药行业商机提供资源、技术上的帮助! 


    
        
            免责声明：本文转载上述内容出于传递更多信息之目的，不代表本网的观点和立场，故本网对其真实性不负责，也不构成任何其他建议；本网站图片，文字之类版权申明，因为网站可以由注册用户自行上传图片或文字，本网站无法鉴别所上传图片或文字的知识版权，如果侵犯，请及时通知我们，本网站将在第一时间及时删除。",2021-06-22 07:49:47.090000
60d2cdbfd92dcdcf6733139f,你好,您好，我是医药智能助理，希望可以帮到您。如果没答上来，可联系https://blog.csdn.net/Weary_PJ咨询作者。祝您身体棒棒！,,"

 
      摘要：CPhI 线上展 重磅上线在线贸易配对系统 轻松“联姻”更多合作伙伴!时下,全球经济相互交融,本土企业相继走向了全球拓展的道路。在企业开展国际化战略的进程当中,寻找更多合
       CPhI 线上展 重磅上线在线贸易配对系统 轻松“联姻”更多合作伙伴!时下,全球经济相互交融,本土企业相继走向了全球拓展的道路。在企业开展国际化战略的进程当中,寻找更多合作伙伴显然能够为企业开展国际业务提供更优越的条件,为企业实现宏图大志奠定良好的基础。在高效对接合作诉求,精准匹配国内外合作伙伴的服务商,今年的CPhI & P-MEC China线上展或许可以助大家一臂之力!在线贸易配对系统重磅上线!高效“联姻”合作伙伴据悉,针对企业在全球业务拓展上的个性化需求,CPhI & P-MEC China线上展在贸易合作与对接方面,为企业提供了一个更高效便捷的方案在线贸易配对系统。该系统可以精准匹配国内外合作伙伴,还可以高效对接双方需求,以平台作为“桥梁”,连接企业与合作伙伴之间的需求,高效解决企业的合作共赢需求。作为展会当中的核心模块,在线贸易配对系统不仅拥有海量的数据,覆盖2500多家海内外参展企业,同时还具备高效便捷管理的特点,可精准定位目标用户,期间,用户还可以随时查看客户的邀约状态,收藏意向客户,不错任何潜在的合作商机。此外,在线贸易配对系统还提供有专业的客服服务,协助企业高效处理各类贸易配对问题。值得一提的是,2020年的CPhI & P-MEC China线上展,除了提供在线贸易配对系统服务之外,还提供了众多特色服务,例如云高峰论坛、展商网络推介会、在线工厂秀、国际卖家云商洽及在线展厅,众多特色服务在线呈献,为企业拓展全球业务,捕获制药行业商机提供资源、技术上的帮助! 


    
        
            免责声明：本文转载上述内容出于传递更多信息之目的，不代表本网的观点和立场，故本网对其真实性不负责，也不构成任何其他建议；本网站图片，文字之类版权申明，因为网站可以由注册用户自行上传图片或文字，本网站无法鉴别所上传图片或文字的知识版权，如果侵犯，请及时通知我们，本网站将在第一时间及时删除。",2021-06-23 05:59:27.694000
60d2cdcad92dcdcf673313a0,焦虑,您好，我是医药智能助理，希望可以帮到您。如果没答上来，可联系https://blog.csdn.net/Weary_PJ咨询作者。祝您身体棒棒！,,"

 
      摘要：CPhI 线上展 重磅上线在线贸易配对系统 轻松“联姻”更多合作伙伴!时下,全球经济相互交融,本土企业相继走向了全球拓展的道路。在企业开展国际化战略的进程当中,寻找更多合
       CPhI 线上展 重磅上线在线贸易配对系统 轻松“联姻”更多合作伙伴!时下,全球经济相互交融,本土企业相继走向了全球拓展的道路。在企业开展国际化战略的进程当中,寻找更多合作伙伴显然能够为企业开展国际业务提供更优越的条件,为企业实现宏图大志奠定良好的基础。在高效对接合作诉求,精准匹配国内外合作伙伴的服务商,今年的CPhI & P-MEC China线上展或许可以助大家一臂之力!在线贸易配对系统重磅上线!高效“联姻”合作伙伴据悉,针对企业在全球业务拓展上的个性化需求,CPhI & P-MEC China线上展在贸易合作与对接方面,为企业提供了一个更高效便捷的方案在线贸易配对系统。该系统可以精准匹配国内外合作伙伴,还可以高效对接双方需求,以平台作为“桥梁”,连接企业与合作伙伴之间的需求,高效解决企业的合作共赢需求。作为展会当中的核心模块,在线贸易配对系统不仅拥有海量的数据,覆盖2500多家海内外参展企业,同时还具备高效便捷管理的特点,可精准定位目标用户,期间,用户还可以随时查看客户的邀约状态,收藏意向客户,不错任何潜在的合作商机。此外,在线贸易配对系统还提供有专业的客服服务,协助企业高效处理各类贸易配对问题。值得一提的是,2020年的CPhI & P-MEC China线上展,除了提供在线贸易配对系统服务之外,还提供了众多特色服务,例如云高峰论坛、展商网络推介会、在线工厂秀、国际卖家云商洽及在线展厅,众多特色服务在线呈献,为企业拓展全球业务,捕获制药行业商机提供资源、技术上的帮助! 


    
        
            免责声明：本文转载上述内容出于传递更多信息之目的，不代表本网的观点和立场，故本网对其真实性不负责，也不构成任何其他建议；本网站图片，文字之类版权申明，因为网站可以由注册用户自行上传图片或文字，本网站无法鉴别所上传图片或文字的知识版权，如果侵犯，请及时通知我们，本网站将在第一时间及时删除。",2021-06-23 05:59:38.713000
60d2cdd1d92dcdcf673313a1,失眠怎么办,失眠可以尝试如下治疗：药物治疗;支持性治疗,,"

 
      摘要：CPhI 线上展 重磅上线在线贸易配对系统 轻松“联姻”更多合作伙伴!时下,全球经济相互交融,本土企业相继走向了全球拓展的道路。在企业开展国际化战略的进程当中,寻找更多合
       CPhI 线上展 重磅上线在线贸易配对系统 轻松“联姻”更多合作伙伴!时下,全球经济相互交融,本土企业相继走向了全球拓展的道路。在企业开展国际化战略的进程当中,寻找更多合作伙伴显然能够为企业开展国际业务提供更优越的条件,为企业实现宏图大志奠定良好的基础。在高效对接合作诉求,精准匹配国内外合作伙伴的服务商,今年的CPhI & P-MEC China线上展或许可以助大家一臂之力!在线贸易配对系统重磅上线!高效“联姻”合作伙伴据悉,针对企业在全球业务拓展上的个性化需求,CPhI & P-MEC China线上展在贸易合作与对接方面,为企业提供了一个更高效便捷的方案在线贸易配对系统。该系统可以精准匹配国内外合作伙伴,还可以高效对接双方需求,以平台作为“桥梁”,连接企业与合作伙伴之间的需求,高效解决企业的合作共赢需求。作为展会当中的核心模块,在线贸易配对系统不仅拥有海量的数据,覆盖2500多家海内外参展企业,同时还具备高效便捷管理的特点,可精准定位目标用户,期间,用户还可以随时查看客户的邀约状态,收藏意向客户,不错任何潜在的合作商机。此外,在线贸易配对系统还提供有专业的客服服务,协助企业高效处理各类贸易配对问题。值得一提的是,2020年的CPhI & P-MEC China线上展,除了提供在线贸易配对系统服务之外,还提供了众多特色服务,例如云高峰论坛、展商网络推介会、在线工厂秀、国际卖家云商洽及在线展厅,众多特色服务在线呈献,为企业拓展全球业务,捕获制药行业商机提供资源、技术上的帮助! 


    
        
            免责声明：本文转载上述内容出于传递更多信息之目的，不代表本网的观点和立场，故本网对其真实性不负责，也不构成任何其他建议；本网站图片，文字之类版权申明，因为网站可以由注册用户自行上传图片或文字，本网站无法鉴别所上传图片或文字的知识版权，如果侵犯，请及时通知我们，本网站将在第一时间及时删除。",2021-06-23 05:59:45.116000
60d2cdd9d92dcdcf673313a2,上火吃什么,您好，我是医药智能助理，希望可以帮到您。如果没答上来，可联系https://blog.csdn.net/Weary_PJ咨询作者。祝您身体棒棒！,,"

 
      摘要：CPhI 线上展 重磅上线在线贸易配对系统 轻松“联姻”更多合作伙伴!时下,全球经济相互交融,本土企业相继走向了全球拓展的道路。在企业开展国际化战略的进程当中,寻找更多合
       CPhI 线上展 重磅上线在线贸易配对系统 轻松“联姻”更多合作伙伴!时下,全球经济相互交融,本土企业相继走向了全球拓展的道路。在企业开展国际化战略的进程当中,寻找更多合作伙伴显然能够为企业开展国际业务提供更优越的条件,为企业实现宏图大志奠定良好的基础。在高效对接合作诉求,精准匹配国内外合作伙伴的服务商,今年的CPhI & P-MEC China线上展或许可以助大家一臂之力!在线贸易配对系统重磅上线!高效“联姻”合作伙伴据悉,针对企业在全球业务拓展上的个性化需求,CPhI & P-MEC China线上展在贸易合作与对接方面,为企业提供了一个更高效便捷的方案在线贸易配对系统。该系统可以精准匹配国内外合作伙伴,还可以高效对接双方需求,以平台作为“桥梁”,连接企业与合作伙伴之间的需求,高效解决企业的合作共赢需求。作为展会当中的核心模块,在线贸易配对系统不仅拥有海量的数据,覆盖2500多家海内外参展企业,同时还具备高效便捷管理的特点,可精准定位目标用户,期间,用户还可以随时查看客户的邀约状态,收藏意向客户,不错任何潜在的合作商机。此外,在线贸易配对系统还提供有专业的客服服务,协助企业高效处理各类贸易配对问题。值得一提的是,2020年的CPhI & P-MEC China线上展,除了提供在线贸易配对系统服务之外,还提供了众多特色服务,例如云高峰论坛、展商网络推介会、在线工厂秀、国际卖家云商洽及在线展厅,众多特色服务在线呈献,为企业拓展全球业务,捕获制药行业商机提供资源、技术上的帮助! 


    
        
            免责声明：本文转载上述内容出于传递更多信息之目的，不代表本网的观点和立场，故本网对其真实性不负责，也不构成任何其他建议；本网站图片，文字之类版权申明，因为网站可以由注册用户自行上传图片或文字，本网站无法鉴别所上传图片或文字的知识版权，如果侵犯，请及时通知我们，本网站将在第一时间及时删除。",2021-06-23 05:59:53.606000
60d2cde1d92dcdcf673313a3,发烧吃什么,症状发烧可能染上的疾病有：扁平苔藓；嗜碱性粒细胞白血病；副溶血孤菌肠炎；布鲁菌病；翼下颌间隙感染；类肺炎性胸腔积液；鄂木斯克出血热；肠道厌氧菌感染；疱疹性角膜炎；血吸虫尾蚴性皮炎；夸赛纳森林病；败血症；急性中耳炎；儿童急性良性肌炎；溃疡病急性穿孔；感冒；婴幼儿化脓性淋巴结炎；脾脏转移性肿瘤；小儿无菌性脑膜炎综合征；斯蒂尔病,,"

 
      摘要：CPhI 线上展 重磅上线在线贸易配对系统 轻松“联姻”更多合作伙伴!时下,全球经济相互交融,本土企业相继走向了全球拓展的道路。在企业开展国际化战略的进程当中,寻找更多合
       CPhI 线上展 重磅上线在线贸易配对系统 轻松“联姻”更多合作伙伴!时下,全球经济相互交融,本土企业相继走向了全球拓展的道路。在企业开展国际化战略的进程当中,寻找更多合作伙伴显然能够为企业开展国际业务提供更优越的条件,为企业实现宏图大志奠定良好的基础。在高效对接合作诉求,精准匹配国内外合作伙伴的服务商,今年的CPhI & P-MEC China线上展或许可以助大家一臂之力!在线贸易配对系统重磅上线!高效“联姻”合作伙伴据悉,针对企业在全球业务拓展上的个性化需求,CPhI & P-MEC China线上展在贸易合作与对接方面,为企业提供了一个更高效便捷的方案在线贸易配对系统。该系统可以精准匹配国内外合作伙伴,还可以高效对接双方需求,以平台作为“桥梁”,连接企业与合作伙伴之间的需求,高效解决企业的合作共赢需求。作为展会当中的核心模块,在线贸易配对系统不仅拥有海量的数据,覆盖2500多家海内外参展企业,同时还具备高效便捷管理的特点,可精准定位目标用户,期间,用户还可以随时查看客户的邀约状态,收藏意向客户,不错任何潜在的合作商机。此外,在线贸易配对系统还提供有专业的客服服务,协助企业高效处理各类贸易配对问题。值得一提的是,2020年的CPhI & P-MEC China线上展,除了提供在线贸易配对系统服务之外,还提供了众多特色服务,例如云高峰论坛、展商网络推介会、在线工厂秀、国际卖家云商洽及在线展厅,众多特色服务在线呈献,为企业拓展全球业务,捕获制药行业商机提供资源、技术上的帮助! 


    
        
            免责声明：本文转载上述内容出于传递更多信息之目的，不代表本网的观点和立场，故本网对其真实性不负责，也不构成任何其他建议；本网站图片，文字之类版权申明，因为网站可以由注册用户自行上传图片或文字，本网站无法鉴别所上传图片或文字的知识版权，如果侵犯，请及时通知我们，本网站将在第一时间及时删除。",2021-06-23 06:00:01.988000
60d2cdecd92dcdcf673313a4,什么人可能发烧,症状发烧可能染上的疾病有：扁平苔藓；嗜碱性粒细胞白血病；副溶血孤菌肠炎；布鲁菌病；翼下颌间隙感染；类肺炎性胸腔积液；鄂木斯克出血热；肠道厌氧菌感染；疱疹性角膜炎；血吸虫尾蚴性皮炎；夸赛纳森林病；败血症；急性中耳炎；儿童急性良性肌炎；溃疡病急性穿孔；感冒；婴幼儿化脓性淋巴结炎；脾脏转移性肿瘤；小儿无菌性脑膜炎综合征；斯蒂尔病,,"

 
      摘要：CPhI 线上展 重磅上线在线贸易配对系统 轻松“联姻”更多合作伙伴!时下,全球经济相互交融,本土企业相继走向了全球拓展的道路。在企业开展国际化战略的进程当中,寻找更多合
       CPhI 线上展 重磅上线在线贸易配对系统 轻松“联姻”更多合作伙伴!时下,全球经济相互交融,本土企业相继走向了全球拓展的道路。在企业开展国际化战略的进程当中,寻找更多合作伙伴显然能够为企业开展国际业务提供更优越的条件,为企业实现宏图大志奠定良好的基础。在高效对接合作诉求,精准匹配国内外合作伙伴的服务商,今年的CPhI & P-MEC China线上展或许可以助大家一臂之力!在线贸易配对系统重磅上线!高效“联姻”合作伙伴据悉,针对企业在全球业务拓展上的个性化需求,CPhI & P-MEC China线上展在贸易合作与对接方面,为企业提供了一个更高效便捷的方案在线贸易配对系统。该系统可以精准匹配国内外合作伙伴,还可以高效对接双方需求,以平台作为“桥梁”,连接企业与合作伙伴之间的需求,高效解决企业的合作共赢需求。作为展会当中的核心模块,在线贸易配对系统不仅拥有海量的数据,覆盖2500多家海内外参展企业,同时还具备高效便捷管理的特点,可精准定位目标用户,期间,用户还可以随时查看客户的邀约状态,收藏意向客户,不错任何潜在的合作商机。此外,在线贸易配对系统还提供有专业的客服服务,协助企业高效处理各类贸易配对问题。值得一提的是,2020年的CPhI & P-MEC China线上展,除了提供在线贸易配对系统服务之外,还提供了众多特色服务,例如云高峰论坛、展商网络推介会、在线工厂秀、国际卖家云商洽及在线展厅,众多特色服务在线呈献,为企业拓展全球业务,捕获制药行业商机提供资源、技术上的帮助! 


    
        
            免责声明：本文转载上述内容出于传递更多信息之目的，不代表本网的观点和立场，故本网对其真实性不负责，也不构成任何其他建议；本网站图片，文字之类版权申明，因为网站可以由注册用户自行上传图片或文字，本网站无法鉴别所上传图片或文字的知识版权，如果侵犯，请及时通知我们，本网站将在第一时间及时删除。",2021-06-23 06:00:12.324000
60d2cdf8d92dcdcf673313a5,发烧吃什么,症状发烧可能染上的疾病有：扁平苔藓；嗜碱性粒细胞白血病；副溶血孤菌肠炎；布鲁菌病；翼下颌间隙感染；类肺炎性胸腔积液；鄂木斯克出血热；肠道厌氧菌感染；疱疹性角膜炎；血吸虫尾蚴性皮炎；夸赛纳森林病；败血症；急性中耳炎；儿童急性良性肌炎；溃疡病急性穿孔；感冒；婴幼儿化脓性淋巴结炎；脾脏转移性肿瘤；小儿无菌性脑膜炎综合征；斯蒂尔病,,"

 
      摘要：CPhI 线上展 重磅上线在线贸易配对系统 轻松“联姻”更多合作伙伴!时下,全球经济相互交融,本土企业相继走向了全球拓展的道路。在企业开展国际化战略的进程当中,寻找更多合
       CPhI 线上展 重磅上线在线贸易配对系统 轻松“联姻”更多合作伙伴!时下,全球经济相互交融,本土企业相继走向了全球拓展的道路。在企业开展国际化战略的进程当中,寻找更多合作伙伴显然能够为企业开展国际业务提供更优越的条件,为企业实现宏图大志奠定良好的基础。在高效对接合作诉求,精准匹配国内外合作伙伴的服务商,今年的CPhI & P-MEC China线上展或许可以助大家一臂之力!在线贸易配对系统重磅上线!高效“联姻”合作伙伴据悉,针对企业在全球业务拓展上的个性化需求,CPhI & P-MEC China线上展在贸易合作与对接方面,为企业提供了一个更高效便捷的方案在线贸易配对系统。该系统可以精准匹配国内外合作伙伴,还可以高效对接双方需求,以平台作为“桥梁”,连接企业与合作伙伴之间的需求,高效解决企业的合作共赢需求。作为展会当中的核心模块,在线贸易配对系统不仅拥有海量的数据,覆盖2500多家海内外参展企业,同时还具备高效便捷管理的特点,可精准定位目标用户,期间,用户还可以随时查看客户的邀约状态,收藏意向客户,不错任何潜在的合作商机。此外,在线贸易配对系统还提供有专业的客服服务,协助企业高效处理各类贸易配对问题。值得一提的是,2020年的CPhI & P-MEC China线上展,除了提供在线贸易配对系统服务之外,还提供了众多特色服务,例如云高峰论坛、展商网络推介会、在线工厂秀、国际卖家云商洽及在线展厅,众多特色服务在线呈献,为企业拓展全球业务,捕获制药行业商机提供资源、技术上的帮助! 


    
        
            免责声明：本文转载上述内容出于传递更多信息之目的，不代表本网的观点和立场，故本网对其真实性不负责，也不构成任何其他建议；本网站图片，文字之类版权申明，因为网站可以由注册用户自行上传图片或文字，本网站无法鉴别所上传图片或文字的知识版权，如果侵犯，请及时通知我们，本网站将在第一时间及时删除。",2021-06-23 06:00:24.048000
60d2d048733159dfe6e0256f,为什么有的人容易失眠,"失眠可能的成因有：躯体疾病和服用药物可以影响睡眠，如消化不良，头痛，背痛，关节炎，心脏病，糖尿病，哮喘，鼻窦炎，溃疡病，或服用某些影响中枢神经的药物。
由于生活方式引起睡眠问题也很常见，如饮用咖啡或茶叶，晚间饮酒，睡前进食或晚饭较晚造成满腹食物尚未消化，大量吸烟，睡前剧烈的体力活动，睡前过度的精神活动，夜班工作，白天小睡，上床时间不规律，起床时间不规律。
可能的原因有压力很大，过度忧虑，紧张或焦虑，悲伤或抑郁，生气，容易出现睡眠问题。
吵闹的睡眠环境，睡眠环境过于明亮，污染，过度拥挤。",tty,"

 
      摘要：CPhI 线上展 重磅上线在线贸易配对系统 轻松“联姻”更多合作伙伴!时下,全球经济相互交融,本土企业相继走向了全球拓展的道路。在企业开展国际化战略的进程当中,寻找更多合
       CPhI 线上展 重磅上线在线贸易配对系统 轻松“联姻”更多合作伙伴!时下,全球经济相互交融,本土企业相继走向了全球拓展的道路。在企业开展国际化战略的进程当中,寻找更多合作伙伴显然能够为企业开展国际业务提供更优越的条件,为企业实现宏图大志奠定良好的基础。在高效对接合作诉求,精准匹配国内外合作伙伴的服务商,今年的CPhI & P-MEC China线上展或许可以助大家一臂之力!在线贸易配对系统重磅上线!高效“联姻”合作伙伴据悉,针对企业在全球业务拓展上的个性化需求,CPhI & P-MEC China线上展在贸易合作与对接方面,为企业提供了一个更高效便捷的方案在线贸易配对系统。该系统可以精准匹配国内外合作伙伴,还可以高效对接双方需求,以平台作为“桥梁”,连接企业与合作伙伴之间的需求,高效解决企业的合作共赢需求。作为展会当中的核心模块,在线贸易配对系统不仅拥有海量的数据,覆盖2500多家海内外参展企业,同时还具备高效便捷管理的特点,可精准定位目标用户,期间,用户还可以随时查看客户的邀约状态,收藏意向客户,不错任何潜在的合作商机。此外,在线贸易配对系统还提供有专业的客服服务,协助企业高效处理各类贸易配对问题。值得一提的是,2020年的CPhI & P-MEC China线上展,除了提供在线贸易配对系统服务之外,还提供了众多特色服务,例如云高峰论坛、展商网络推介会、在线工厂秀、国际卖家云商洽及在线展厅,众多特色服务在线呈献,为企业拓展全球业务,捕获制药行业商机提供资源、技术上的帮助! 


    
        
            免责声明：本文转载上述内容出于传递更多信息之目的，不代表本网的观点和立场，故本网对其真实性不负责，也不构成任何其他建议；本网站图片，文字之类版权申明，因为网站可以由注册用户自行上传图片或文字，本网站无法鉴别所上传图片或文字的知识版权，如果侵犯，请及时通知我们，本网站将在第一时间及时删除。",2021-06-23 06:10:16.957000
60d2d052733159dfe6e02570,什么人容易感冒,感冒的易感人群包括：无特定人群,tty,"

 
      摘要：CPhI 线上展 重磅上线在线贸易配对系统 轻松“联姻”更多合作伙伴!时下,全球经济相互交融,本土企业相继走向了全球拓展的道路。在企业开展国际化战略的进程当中,寻找更多合
       CPhI 线上展 重磅上线在线贸易配对系统 轻松“联姻”更多合作伙伴!时下,全球经济相互交融,本土企业相继走向了全球拓展的道路。在企业开展国际化战略的进程当中,寻找更多合作伙伴显然能够为企业开展国际业务提供更优越的条件,为企业实现宏图大志奠定良好的基础。在高效对接合作诉求,精准匹配国内外合作伙伴的服务商,今年的CPhI & P-MEC China线上展或许可以助大家一臂之力!在线贸易配对系统重磅上线!高效“联姻”合作伙伴据悉,针对企业在全球业务拓展上的个性化需求,CPhI & P-MEC China线上展在贸易合作与对接方面,为企业提供了一个更高效便捷的方案在线贸易配对系统。该系统可以精准匹配国内外合作伙伴,还可以高效对接双方需求,以平台作为“桥梁”,连接企业与合作伙伴之间的需求,高效解决企业的合作共赢需求。作为展会当中的核心模块,在线贸易配对系统不仅拥有海量的数据,覆盖2500多家海内外参展企业,同时还具备高效便捷管理的特点,可精准定位目标用户,期间,用户还可以随时查看客户的邀约状态,收藏意向客户,不错任何潜在的合作商机。此外,在线贸易配对系统还提供有专业的客服服务,协助企业高效处理各类贸易配对问题。值得一提的是,2020年的CPhI & P-MEC China线上展,除了提供在线贸易配对系统服务之外,还提供了众多特色服务,例如云高峰论坛、展商网络推介会、在线工厂秀、国际卖家云商洽及在线展厅,众多特色服务在线呈献,为企业拓展全球业务,捕获制药行业商机提供资源、技术上的帮助! 


    
        
            免责声明：本文转载上述内容出于传递更多信息之目的，不代表本网的观点和立场，故本网对其真实性不负责，也不构成任何其他建议；本网站图片，文字之类版权申明，因为网站可以由注册用户自行上传图片或文字，本网站无法鉴别所上传图片或文字的知识版权，如果侵犯，请及时通知我们，本网站将在第一时间及时删除。",2021-06-23 06:10:26.021000
60d2d05c733159dfe6e02571,发烧怎么查出来,症状发烧可能染上的疾病有：尿路软斑症；溃疡病急性穿孔；慢性肺炎；肺嗜酸细胞组织细胞增生症；腹壁纤维肉瘤；诺卡菌性巩膜炎；眶骨膜下脓肿；小儿红白血病；急性泪囊炎；多发性肌炎和皮肌炎伴发的精神障碍；败血症；放射病；原发性阴道恶性淋巴瘤；浅部急性淋巴结炎和淋巴管炎；副鼻窦炎；耳后骨膜下脓肿；急性淋巴管炎；急性中耳炎；遗传性补体缺陷病；单纯疱疹性葡萄膜炎,tty,"

 
      摘要：CPhI 线上展 重磅上线在线贸易配对系统 轻松“联姻”更多合作伙伴!时下,全球经济相互交融,本土企业相继走向了全球拓展的道路。在企业开展国际化战略的进程当中,寻找更多合
       CPhI 线上展 重磅上线在线贸易配对系统 轻松“联姻”更多合作伙伴!时下,全球经济相互交融,本土企业相继走向了全球拓展的道路。在企业开展国际化战略的进程当中,寻找更多合作伙伴显然能够为企业开展国际业务提供更优越的条件,为企业实现宏图大志奠定良好的基础。在高效对接合作诉求,精准匹配国内外合作伙伴的服务商,今年的CPhI & P-MEC China线上展或许可以助大家一臂之力!在线贸易配对系统重磅上线!高效“联姻”合作伙伴据悉,针对企业在全球业务拓展上的个性化需求,CPhI & P-MEC China线上展在贸易合作与对接方面,为企业提供了一个更高效便捷的方案在线贸易配对系统。该系统可以精准匹配国内外合作伙伴,还可以高效对接双方需求,以平台作为“桥梁”,连接企业与合作伙伴之间的需求,高效解决企业的合作共赢需求。作为展会当中的核心模块,在线贸易配对系统不仅拥有海量的数据,覆盖2500多家海内外参展企业,同时还具备高效便捷管理的特点,可精准定位目标用户,期间,用户还可以随时查看客户的邀约状态,收藏意向客户,不错任何潜在的合作商机。此外,在线贸易配对系统还提供有专业的客服服务,协助企业高效处理各类贸易配对问题。值得一提的是,2020年的CPhI & P-MEC China线上展,除了提供在线贸易配对系统服务之外,还提供了众多特色服务,例如云高峰论坛、展商网络推介会、在线工厂秀、国际卖家云商洽及在线展厅,众多特色服务在线呈献,为企业拓展全球业务,捕获制药行业商机提供资源、技术上的帮助! 


    
        
            免责声明：本文转载上述内容出于传递更多信息之目的，不代表本网的观点和立场，故本网对其真实性不负责，也不构成任何其他建议；本网站图片，文字之类版权申明，因为网站可以由注册用户自行上传图片或文字，本网站无法鉴别所上传图片或文字的知识版权，如果侵犯，请及时通知我们，本网站将在第一时间及时删除。",2021-06-23 06:10:36.906000
60d2f27576f9bb1613ee4dc0,1111,您好，我是医药智能助理，希望可以帮到您。如果没答上来，可联系https://blog.csdn.net/Weary_PJ咨询作者。祝您身体棒棒！,,"

 
      摘要：CPhI 线上展 重磅上线在线贸易配对系统 轻松“联姻”更多合作伙伴!时下,全球经济相互交融,本土企业相继走向了全球拓展的道路。在企业开展国际化战略的进程当中,寻找更多合
       CPhI 线上展 重磅上线在线贸易配对系统 轻松“联姻”更多合作伙伴!时下,全球经济相互交融,本土企业相继走向了全球拓展的道路。在企业开展国际化战略的进程当中,寻找更多合作伙伴显然能够为企业开展国际业务提供更优越的条件,为企业实现宏图大志奠定良好的基础。在高效对接合作诉求,精准匹配国内外合作伙伴的服务商,今年的CPhI & P-MEC China线上展或许可以助大家一臂之力!在线贸易配对系统重磅上线!高效“联姻”合作伙伴据悉,针对企业在全球业务拓展上的个性化需求,CPhI & P-MEC China线上展在贸易合作与对接方面,为企业提供了一个更高效便捷的方案在线贸易配对系统。该系统可以精准匹配国内外合作伙伴,还可以高效对接双方需求,以平台作为“桥梁”,连接企业与合作伙伴之间的需求,高效解决企业的合作共赢需求。作为展会当中的核心模块,在线贸易配对系统不仅拥有海量的数据,覆盖2500多家海内外参展企业,同时还具备高效便捷管理的特点,可精准定位目标用户,期间,用户还可以随时查看客户的邀约状态,收藏意向客户,不错任何潜在的合作商机。此外,在线贸易配对系统还提供有专业的客服服务,协助企业高效处理各类贸易配对问题。值得一提的是,2020年的CPhI & P-MEC China线上展,除了提供在线贸易配对系统服务之外,还提供了众多特色服务,例如云高峰论坛、展商网络推介会、在线工厂秀、国际卖家云商洽及在线展厅,众多特色服务在线呈献,为企业拓展全球业务,捕获制药行业商机提供资源、技术上的帮助! 


    
        
            免责声明：本文转载上述内容出于传递更多信息之目的，不代表本网的观点和立场，故本网对其真实性不负责，也不构成任何其他建议；本网站图片，文字之类版权申明，因为网站可以由注册用户自行上传图片或文字，本网站无法鉴别所上传图片或文字的知识版权，如果侵犯，请及时通知我们，本网站将在第一时间及时删除。",2021-06-23 08:36:05.772000
